id,
"W012007337",
"W012009573",
"W012010074",
"W013000025",
"W013000170",
"W014001386",
"W022002351",
"W022006391",
"W024000683",
"W031001508",
"W044000929",
"W044001936",
"W061002984",
"W061005429",
"W061006762",
"W061008944",
"W061014830",
"W061014921",
"W062004369",
"W062004371",
"W062005594",
"W062005624",
"W062006029",
"W062009651",
"W062009891",
"W062010037",
"W062011299",
"W062015236",
"W072001737",
"W083004360",
"W103003886",
"W111008617",
"W113003851",
"W122004049",
"W123002095",
"W131003764",
"W132004257",
"W133000367",
"W133003155",
"W133006328",
"W133006659",
"W133011249",
"W133011421",
"W133018683",
"W133018717",
"W133019567",
"W133021353",
"W133021992",
"W133023840",
"W133027591",
"W133035049",
"W142002146",
"W142004576",
"W142006267",
"W142007127",
"W142010236",
"W142010722",
"W142011453",
"W142012761",
"W142016052",
"W142016616",
"W144000787",
"W152004154",
"W161004899",
"W161009615",
"W162002237",
"W163004635",
"W172009769",
"W173004007",
"W174002206",
"W175001498",
"W181002494",
"W181003689",
"W183001119",
"W191001588",
"W212001727",
"W212006993",
"W212009334",
"W212012743",
"W212013797",
"W223002455",
"W224009574",
"W241000045",
"W241001751",
"W241002820",
"W243003471",
"W243003703",
"W243004469",
"W244003515",
"W251004925",
"W252003010",
"W252006632",
"W253000917",
"W261001561",
"W262000849",
"W262002967",
"W263005399",
"W263006979",
"W263007149",
"W263007219",
"W263007372",
"W263008222",
"W263012482",
"W271002034",
"W271002106",
"W273003017",
"W273004275",
"W273004720",
"W273008317",
"W281003832",
"W281004870",
"W281005424",
"W281005654",
"W281006209",
"W281009814",
"W283006287",
"W284001025",
"W291006543",
"W291006592",
"W294005380",
"W294006318",
"W294007547",
"W294011245",
"W301002603",
"W302000324",
"W302004094",
"W302012059",
"W302020198",
"W311001812",
"W311007854",
"W311008275",
"W313001103",
"W313003585",
"W313004501",
"W313006056",
"W313006881",
"W313007015",
"W313009916",
"W313014982",
"W313015063",
"W313016344",
"W313017930",
"W313020050",
"W313020823",
"W313021171",
"W313021300",
"W313021417",
"W313021602",
"W313021946",
"W313022312",
"W313022454",
"W313022548",
"W313023287",
"W313023510",
"W313025920",
"W313026718",
"W313031898",
"W313032344",
"W313033871",
"W332000044",
"W332004247",
"W332005898",
"W332006234",
"W332007883",
"W332011303",
"W332011629",
"W332013337",
"W332015540",
"W332015962",
"W332016560",
"W332017089",
"W332017480",
"W332017512",
"W332018599",
"W332022994",
"W332023900",
"W332027661",
"W332029112",
"W332029930",
"W332030779",
"W332030814",
"W332031602",
"W333003733",
"W335003119",
"W341005184",
"W341006118",
"W341007397",
"W341012574",
"W343000793",
"W343019730",
"W343019992",
"W343021260",
"W343026287",
"W343027452",
"W343027927",
"W351006124",
"W351006268",
"W353000638",
"W353001184",
"W353004838",
"W353007903",
"W353008240",
"W353009063",
"W353010019",
"W353010118",
"W353010835",
"W353014655",
"W353015493",
"W353020983",
"W353021285",
"W354002261",
"W354002995",
"W354003206",
"W371002029",
"W372002245",
"W372009273",
"W372010247",
"W372011962",
"W372013008",
"W381000288",
"W381002882",
"W381005289",
"W381009402",
"W381011658",
"W381011747",
"W381013022",
"W381014807",
"W381015556",
"W381024606",
"W382000558",
"W382005201",
"W383002990",
"W383003291",
"W383003303",
"W391001091",
"W391002641",
"W392001862",
"W401010515",
"W402002968",
"W402005055",
"W411004497",
"W413005468",
"W422001136",
"W422003262",
"W422004611",
"W423000890",
"W423001561",
"W423003922",
"W423006464",
"W423009659",
"W423013606",
"W423013635",
"W423013862",
"W432003137",
"W433002620",
"W433002715",
"W433006616",
"W441006381",
"W441006624",
"W442004214",
"W442004986",
"W442005869",
"W442008804",
"W442008906",
"W442010071",
"W442010430",
"W442012297",
"W442013214",
"W442014060",
"W442016317",
"W442016783",
"W442019979",
"W442023476",
"W442026338",
"W442026379",
"W442026732",
"W442026859",
"W443004256",
"W443005740",
"W444000419",
"W451001085",
"W451001592",
"W451008426",
"W452000291",
"W452000375",
"W452006000",
"W452006341",
"W452011671",
"W452011709",
"W452012294",
"W452012303",
"W452012780",
"W452013175",
"W452013238",
"W452013959",
"W452017318",
"W452017355",
"W452017644",
"W452018028",
"W471001507",
"W471001818",
"W471003054",
"W471003583",
"W472000970",
"W472001057",
"W472005589",
"W473002355",
"W491000623",
"W491001441",
"W491014167",
"W491014221",
"W491014664",
"W491019517",
"W492000790",
"W492000900",
"W492002871",
"W492007602",
"W493002166",
"W502002615",
"W502004156",
"W503002030",
"W503002225",
"W511001973",
"W512005532",
"W513004099",
"W513004781",
"W513008618",
"W532002382",
"W532003442",
"W532003537",
"W532007218",
"W533000302",
"W541000402",
"W542001133",
"W543000847",
"W543003402",
"W543003956",
"W543004408",
"W543007020",
"W543008710",
"W543009182",
"W543013744",
"W543014141",
"W544001570",
"W551001102",
"W551001155",
"W561005022",
"W563010561",
"W584000251",
"W592001705",
"W592009146",
"W593008418",
"W594008347",
"W594011643",
"W595000073",
"W595000927",
"W595002553",
"W595002940",
"W595005244",
"W595005789",
"W595005985",
"W595006886",
"W595009480",
"W595010041",
"W595010420",
"W595012174",
"W595012605",
"W595015360",
"W595016112",
"W595016936",
"W595017001",
"W595017334",
"W595020039",
"W595020280",
"W595021647",
"W595021972",
"W595022565",
"W595025300",
"W595027629",
"W595027906",
"W595028196",
"W595029776",
"W595031447",
"W595031648",
"W595035014",
"W595035341",
"W595036957",
"W595037309",
"W595038013",
"W595038109",
"W595038243",
"W595038970",
"W595039169",
"W595039216",
"W595039487",
"W601000294",
"W601000839",
"W601008172",
"W601008245",
"W601008416",
"W603002237",
"W603002603",
"W603002990",
"W603007037",
"W603007167",
"W604000046",
"W604002795",
"W604004221",
"W611006095",
"W621001686",
"W621002084",
"W621004035",
"W621004890",
"W622000569",
"W622003873",
"W622004324",
"W626001033",
"W626001710",
"W626007019",
"W626007197",
"W627001791",
"W627002919",
"W627010494",
"W632005750",
"W634001654",
"W641001272",
"W641012028",
"W642000570",
"W643000653",
"W653002747",
"W653003160",
"W662002628",
"W662007503",
"W662012715",
"W691051772",
"W691055675",
"W691056132",
"W691057961",
"W691057993",
"W691060212",
"W691062763",
"W691066885",
"W691068590",
"W691069611",
"W691069627",
"W691069841",
"W691069898",
"W691071713",
"W691072426",
"W691072532",
"W691073943",
"W691075326",
"W691076074",
"W691076225",
"W691076570",
"W691076631",
"W691076690",
"W691077308",
"W691078407",
"W691078549",
"W691080504",
"W691080596",
"W691081384",
"W691082169",
"W691082731",
"W691083083",
"W691085524",
"W691085666",
"W691087415",
"W691087806",
"W691089506",
"W691089923",
"W691090575",
"W691090918",
"W691090996",
"W691093219",
"W691094065",
"W691094723",
"W691094805",
"W691095501",
"W691101364",
"W691101582",
"W691101912",
"W691102406",
"W691102886",
"W691103256",
"W691103425",
"W691103680",
"W691103779",
"W691104199",
"W691104808",
"W691105000",
"W691105208",
"W692010217",
"W711005336",
"W711005385",
"W713004091",
"W715006912",
"W721000071",
"W721001402",
"W723000371",
"W723002823",
"W723004625",
"W723005038",
"W723005919",
"W723007334",
"W723007718",
"W723008371",
"W723009100",
"W723009444",
"W723010259",
"W723010304",
"W723010909",
"W723016044",
"W723016352",
"W731002440",
"W741002157",
"W741004255",
"W741005529",
"W741009160",
"W741009173",
"W741009243",
"W742007676",
"W743001167",
"W743001267",
"W743001396",
"W743001876",
"W743001889",
"W743001974",
"W743006236",
"W743006257",
"W744001084",
"W744001510",
"W744006592",
"W751041316",
"W751065558",
"W751111958",
"W751163408",
"W751165692",
"W751169925",
"W751170104",
"W751170267",
"W751176560",
"W751177317",
"W751183683",
"W751184917",
"W751189761",
"W751200080",
"W751200428",
"W751201556",
"W751202228",
"W751202632",
"W751203639",
"W751204081",
"W751204473",
"W751204540",
"W751206778",
"W751207784",
"W751208705",
"W751210324",
"W751210540",
"W751212634",
"W751212955",
"W751213149",
"W751214648",
"W751214737",
"W751215243",
"W751215263",
"W751216001",
"W751216095",
"W751216915",
"W751217125",
"W751217540",
"W751217554",
"W751217863",
"W751218205",
"W751218767",
"W751218969",
"W751219221",
"W751220444",
"W751221063",
"W751221118",
"W751221156",
"W751221880",
"W751222002",
"W751223031",
"W751223647",
"W751223834",
"W751224065",
"W751224556",
"W751224613",
"W751225172",
"W751225579",
"W751225974",
"W751226452",
"W751227623",
"W751231540",
"W751232037",
"W751232143",
"W751233359",
"W751233762",
"W751236318",
"W751236544",
"W751238663",
"W751238877",
"W751239559",
"W751241681",
"W751242491",
"W751243945",
"W751244228",
"W751245014",
"W751245734",
"W751245765",
"W751246318",
"W751248510",
"W751249512",
"W751250261",
"W751250418",
"W751250745",
"W751252484",
"W751253586",
"W751253672",
"W751254165",
"W751254861",
"W751256054",
"W751256743",
"W751256749",
"W751256874",
"W751257086",
"W751257126",
"W751257475",
"W751257537",
"W751257781",
"W751258199",
"W751258325",
"W751258933",
"W751259157",
"W751259368",
"W751259447",
"W751259601",
"W751259807",
"W751260599",
"W751261762",
"W751261828",
"W751262468",
"W761003166",
"W761003533",
"W762001911",
"W762010811",
"W763001175",
"W763002033",
"W763011406",
"W763012091",
"W763018669",
"W763018775",
"W771000783",
"W771003232",
"W771005457",
"W771006900",
"W771007697",
"W771009075",
"W771011290",
"W771011659",
"W771012206",
"W771012279",
"W771012780",
"W771013109",
"W771013507",
"W771013694",
"W771018180",
"W771018284",
"W771018383",
"W771019213",
"W771019243",
"W771020020",
"W772000643",
"W772002517",
"W772004411",
"W772004633",
"W772005361",
"W772009161",
"W772009291",
"W772009338",
"W772009911",
"W772010142",
"W772010174",
"W774005562",
"W781001697",
"W781004286",
"W781004653",
"W781004716",
"W781008971",
"W781009107",
"W782000039",
"W782001261",
"W782001421",
"W782001691",
"W782005974",
"W782009345",
"W782009697",
"W783001304",
"W783002114",
"W783002138",
"W783003134",
"W783003365",
"W783004098",
"W783004227",
"W783004389",
"W783004474",
"W783004633",
"W783005457",
"W783005936",
"W783006072",
"W783006242",
"W783006418",
"W783010750",
"W783011014",
"W783011183",
"W783011281",
"W783011286",
"W783011421",
"W783011501",
"W783011683",
"W783011963",
"W784000339",
"W784003887",
"W784004161",
"W784004330",
"W784004556",
"W784004644",
"W784004956",
"W784006107",
"W784009199",
"W784009311",
"W784009889",
"W784010265",
"W784010297",
"W784010344",
"W791001132",
"W792000810",
"W792004818",
"W793000192",
"W793005000",
"W802000414",
"W802001878",
"W802010014",
"W802010640",
"W802017750",
"W811009529",
"W812001189",
"W821005319",
"W822003200",
"W822008007",
"W832010154",
"W832019645",
"W833002035",
"W842006117",
"W842006670",
"W842010998",
"W843001428",
"W851002981",
"W852008084",
"W852012197",
"W861003303",
"W861003684",
"W863002875",
"W863003974",
"W863005559",
"W863006155",
"W872007968",
"W872010453",
"W872010651",
"W881000695",
"W883002529",
"W891003360",
"W891005123",
"W891005366",
"W901002102",
"W911002205",
"W911005635",
"W912000608",
"W912000961",
"W912001707",
"W912003109",
"W912003229",
"W912003450",
"W912003475",
"W912003488",
"W912003503",
"W912003663",
"W912004916",
"W912005513",
"W912007860",
"W912007974",
"W912008873",
"W912008880",
"W912008974",
"W912009227",
"W912009979",
"W912010041",
"W912010174",
"W912013624",
"W912014006",
"W912014055",
"W912014096",
"W912014223",
"W912014471",
"W912014777",
"W912014959",
"W912015003",
"W913000992",
"W913001354",
"W913002393",
"W913003084",
"W913003572",
"W913004126",
"W913004403",
"W913004977",
"W913005390",
"W913006657",
"W913006819",
"W913007692",
"W913007767",
"W913007853",
"W913007897",
"W913008516",
"W913012406",
"W913012835",
"W913012931",
"W913012975",
"W913013019",
"W913013691",
"W913013692",
"W921000430",
"W921000679",
"W921001970",
"W921002952",
"W921003575",
"W921003680",
"W921004194",
"W921004269",
"W921005340",
"W921008991",
"W921009071",
"W921009192",
"W921009203",
"W921009240",
"W921009511",
"W921009759",
"W921010088",
"W922000358",
"W922000364",
"W922000840",
"W922000924",
"W922001409",
"W922001564",
"W922002004",
"W922002377",
"W922002625",
"W922002774",
"W922002892",
"W922003527",
"W922003901",
"W922003974",
"W922004037",
"W922004092",
"W922004863",
"W922005012",
"W922005683",
"W922006562",
"W922006631",
"W922006685",
"W922007398",
"W922007717",
"W922007887",
"W922008031",
"W922008342",
"W922008706",
"W922008985",
"W922009041",
"W922009159",
"W922009245",
"W922009247",
"W922009467",
"W922009497",
"W922010440",
"W922010448",
"W922010915",
"W922010991",
"W922011295",
"W922011345",
"W922011381",
"W922011667",
"W922012057",
"W922012075",
"W922012366",
"W922012556",
"W922012732",
"W922012761",
"W922012789",
"W922012871",
"W922015947",
"W922016047",
"W922016343",
"W922016867",
"W922017596",
"W922017606",
"W922018629",
"W922018882",
"W923001901",
"W923002062",
"W923002095",
"W923002187",
"W923002864",
"W923004475",
"W923004893",
"W923005390",
"W923005488",
"W923005835",
"W923010347",
"W931001002",
"W931002018",
"W931002373",
"W931002605",
"W931002982",
"W931004677",
"W931004860",
"W931004922",
"W931005036",
"W931005372",
"W931005611",
"W931006044",
"W931006624",
"W931008013",
"W931008050",
"W931008849",
"W931009177",
"W931009730",
"W931009861",
"W931010206",
"W931010336",
"W931011180",
"W931011947",
"W931012232",
"W931012241",
"W931012403",
"W931012439",
"W931012932",
"W931012957",
"W931012963",
"W931013238",
"W931013847",
"W931014246",
"W931015348",
"W931015393",
"W931016072",
"W931021451",
"W931021576",
"W931021713",
"W931022180",
"W931022330",
"W931022347",
"W931022857",
"W931022978",
"W931023491",
"W931023821",
"W931024083",
"W931024182",
"W931024973",
"W931025271",
"W931025715",
"W931025912",
"W932000089",
"W932001405",
"W932001727",
"W932001754",
"W932002466",
"W932002640",
"W932003043",
"W932003156",
"W932003261",
"W932003266",
"W932003449",
"W932003602",
"W932003611",
"W932003858",
"W932004075",
"W932004423",
"W932005034",
"W932005215",
"W932005619",
"W932006125",
"W932006205",
"W932010498",
"W932010636",
"W932010752",
"W932010932",
"W932011235",
"W932011273",
"W932011284",
"W932011513",
"W932011608",
"W932011664",
"W941000379",
"W941000803",
"W941001170",
"W941001847",
"W941001935",
"W941002013",
"W941002112",
"W941004888",
"W941004895",
"W941005538",
"W941006628",
"W941007556",
"W941008116",
"W941008536",
"W941008693",
"W941009352",
"W941010895",
"W941011412",
"W941011734",
"W941011892",
"W941012098",
"W941012472",
"W941015510",
"W941015758",
"W941016166",
"W941016405",
"W941016477",
"W941016752",
"W941017361",
"W941017580",
"W941017859",
"W941017880",
"W942002431",
"W942002579",
"W942003991",
"W942005553",
"W942005844",
"W942006342",
"W942006482",
"W942006698",
"W942006855",
"W942010515",
"W942010976",
"W942011125",
"W942011137",
"W943001198",
"W943001863",
"W943002535",
"W943002569",
"W943002632",
"W943002997",
"W943003635",
"W943003986",
"W943004121",
"W943009741",
"W943010129",
"W943010256",
"W951001233",
"W951001385",
"W951001712",
"W951002290",
"W951006056",
"W951006218",
"W951006409",
"W951006431",
"W951006790",
"W952001290",
"W952001705",
"W952001742",
"W952001805",
"W952002113",
"W952005491",
"W952007399",
"W952007416",
"W952007531",
"W952007593",
"W952007869",
"W952007886",
"W952008560",
"W952008824",
"W952009058",
"W952009492",
"W952009534",
"W952012951",
"W952013045",
"W952013080",
"W952013254",
"W952013508",
"W952013574",
"W952013825",
"W952013959",
"W952014057",
"W952014129",
"W953003835",
"W953003849",
"W953004644",
"W953005592",
"W953006350",
"W953006935",
"W953007795",
"W953011342",
"W953011734",
"W9R1009657"
